leakage_group,decision,reason,action
GROUP_00024,NEEDS_REVIEW,,HOLD
GROUP_00132,NEEDS_REVIEW,,HOLD
GROUP_00160,NEEDS_REVIEW,,HOLD
GROUP_00211,NEEDS_REVIEW,,HOLD
GROUP_00380,NEEDS_REVIEW,,HOLD
GROUP_00528,NEEDS_REVIEW,,HOLD
GROUP_00728,NEEDS_REVIEW,,HOLD
GROUP_00941,NEEDS_REVIEW,,HOLD
GROUP_01257,NEEDS_REVIEW,,HOLD
GROUP_02068,NEEDS_REVIEW,,HOLD
GROUP_02096,NEEDS_REVIEW,,HOLD
GROUP_02137,NEEDS_REVIEW,,HOLD
GROUP_02317,NEEDS_REVIEW,,HOLD
GROUP_02428,NEEDS_REVIEW,,HOLD
GROUP_02614,NEEDS_REVIEW,,HOLD
GROUP_02740,NEEDS_REVIEW,,HOLD
GROUP_03120,NEEDS_REVIEW,,HOLD
GROUP_03274,NEEDS_REVIEW,,HOLD
GROUP_04211,NEEDS_REVIEW,,HOLD
GROUP_04566,NEEDS_REVIEW,,HOLD
GROUP_04958,NEEDS_REVIEW,,HOLD
GROUP_05221,NEEDS_REVIEW,,HOLD
GROUP_05264,NEEDS_REVIEW,,HOLD
GROUP_05397,NEEDS_REVIEW,,HOLD
GROUP_05848,NEEDS_REVIEW,,HOLD
GROUP_05989,NEEDS_REVIEW,,HOLD
GROUP_06200,NEEDS_REVIEW,,HOLD
GROUP_06340,NEEDS_REVIEW,,HOLD
GROUP_06456,NEEDS_REVIEW,,HOLD
GROUP_07188,NEEDS_REVIEW,,HOLD
GROUP_07619,NEEDS_REVIEW,,HOLD
GROUP_07912,NEEDS_REVIEW,,HOLD
GROUP_08832,NEEDS_REVIEW,,HOLD
GROUP_10352,NEEDS_REVIEW,,HOLD
GROUP_11677,NEEDS_REVIEW,,HOLD
