dataset,dimension,image_count
trashnet,3264x2448,364
trashnet,4032x3024,2163
realwaste,524x524,4752
phenomsg,1000x1000,30
phenomsg,1000x1080,7
phenomsg,1000x1278,1
phenomsg,1000x1333,1
phenomsg,1000x1500,5
phenomsg,1000x1579,1
phenomsg,1000x1667,1
phenomsg,1000x295,1
phenomsg,1000x402,1
phenomsg,1000x441,1
phenomsg,1000x444,1
phenomsg,1000x450,1
phenomsg,1000x497,1
phenomsg,1000x500,4
phenomsg,1000x523,1
phenomsg,1000x550,1
phenomsg,1000x561,1
phenomsg,1000x562,3
phenomsg,1000x563,2
phenomsg,1000x575,1
phenomsg,1000x600,4
phenomsg,1000x609,1
phenomsg,1000x635,1
phenomsg,1000x650,2
phenomsg,1000x655,1
phenomsg,1000x661,1
phenomsg,1000x662,3
phenomsg,1000x664,3
phenomsg,1000x665,2
phenomsg,1000x666,2
phenomsg,1000x667,21
phenomsg,1000x668,1
phenomsg,1000x675,2
phenomsg,1000x687,1
phenomsg,1000x691,1
phenomsg,1000x700,1
phenomsg,1000x713,1
phenomsg,1000x714,1
phenomsg,1000x719,1
phenomsg,1000x720,1
phenomsg,1000x739,1
phenomsg,1000x750,9
phenomsg,1000x763,1
phenomsg,1000x780,3
phenomsg,1000x785,2
phenomsg,1000x800,1
phenomsg,1000x862,1
phenomsg,1000x878,1
phenomsg,1000x898,1
phenomsg,1000x902,1
phenomsg,1000x905,1
phenomsg,1000x923,1
phenomsg,1000x968,1
phenomsg,1000x983,1
phenomsg,1001x1001,2
phenomsg,1001x1600,5
phenomsg,1002x1600,1
phenomsg,1004x590,1
phenomsg,1008x512,1
phenomsg,1010x720,1
phenomsg,1020x608,1
phenomsg,1023x1023,1
phenomsg,1023x680,1
phenomsg,1023x682,2
phenomsg,1024x1024,7
phenomsg,1024x1280,1
phenomsg,1024x267,1
phenomsg,1024x341,3
phenomsg,1024x368,1
phenomsg,1024x384,1
phenomsg,1024x436,1
phenomsg,1024x438,1
phenomsg,1024x448,1
phenomsg,1024x458,1
phenomsg,1024x485,1
phenomsg,1024x500,1
phenomsg,1024x506,1
phenomsg,1024x512,13
phenomsg,1024x517,2
phenomsg,1024x532,1
phenomsg,1024x536,4
phenomsg,1024x537,1
phenomsg,1024x538,1
phenomsg,1024x555,1
phenomsg,1024x558,1
phenomsg,1024x570,2
phenomsg,1024x573,1
phenomsg,1024x575,1
phenomsg,1024x576,5
phenomsg,1024x595,1
phenomsg,1024x597,1
phenomsg,1024x600,3
phenomsg,1024x601,2
phenomsg,1024x614,2
phenomsg,1024x621,2
phenomsg,1024x623,1
phenomsg,1024x640,3
phenomsg,1024x657,2
phenomsg,1024x666,2
phenomsg,1024x668,1
phenomsg,1024x678,1
phenomsg,1024x680,1
phenomsg,1024x681,1
phenomsg,1024x682,7
phenomsg,1024x683,12
phenomsg,1024x684,1
phenomsg,1024x697,1
phenomsg,1024x700,1
phenomsg,1024x705,1
phenomsg,1024x739,1
phenomsg,1024x760,1
phenomsg,1024x768,15
phenomsg,1024x818,1
phenomsg,1024x835,1
phenomsg,1024x962,1
phenomsg,1025x625,6
phenomsg,1026x770,1
phenomsg,1035x1600,2
phenomsg,1039x1390,1
phenomsg,1040x1040,1
phenomsg,1040x280,1
phenomsg,1040x780,1
phenomsg,1043x552,1
phenomsg,1044x1390,1
phenomsg,1046x604,2
phenomsg,1050x699,2
phenomsg,1050x700,2
phenomsg,1050x788,1
phenomsg,1052x526,1
phenomsg,1060x700,1
phenomsg,1062x1390,1
phenomsg,1064x665,1
phenomsg,1067x1690,1
phenomsg,1070x490,1
phenomsg,1072x1608,1
phenomsg,1074x1080,2
phenomsg,1080x1080,14
phenomsg,1080x1207,1
phenomsg,1080x1239,1
phenomsg,1080x1440,2
phenomsg,1080x1476,1
phenomsg,1080x1920,1
phenomsg,1080x2065,1
phenomsg,1080x675,2
phenomsg,1080x700,1
phenomsg,1080x737,1
phenomsg,1080x790,1
phenomsg,1080x810,1
phenomsg,1088x332,1
phenomsg,1089x574,1
phenomsg,1093x1300,1
phenomsg,1100x1100,1
phenomsg,1100x1396,1
phenomsg,1100x500,1
phenomsg,1100x560,1
phenomsg,1100x618,2
phenomsg,1100x620,3
phenomsg,1100x733,1
phenomsg,1100x734,2
phenomsg,1100x736,1
phenomsg,1103x500,1
phenomsg,1110x350,1
phenomsg,1110x740,1
phenomsg,1111x575,1
phenomsg,1117x1400,1
phenomsg,1120x388,2
phenomsg,1125x1125,1
phenomsg,1125x1500,2
phenomsg,1125x1600,1
phenomsg,1125x393,2
phenomsg,1134x1134,1
phenomsg,1140x500,1
phenomsg,1140x620,1
phenomsg,1140x912,1
phenomsg,1148x1690,1
phenomsg,1151x598,1
phenomsg,1152x1920,1
phenomsg,1152x864,1
phenomsg,1156x1496,2
phenomsg,1170x1306,1
phenomsg,1170x1431,1
phenomsg,1170x626,1
phenomsg,1170x658,1
phenomsg,1170x769,1
phenomsg,1170x780,3
phenomsg,1173x834,1
phenomsg,1176x978,2
phenomsg,1184x1476,1
phenomsg,1187x474,1
phenomsg,1190x521,1
phenomsg,1198x564,1
phenomsg,1199x626,1
phenomsg,1200x1083,1
phenomsg,1200x1090,1
phenomsg,1200x1194,2
phenomsg,1200x1200,23
phenomsg,1200x1350,1
phenomsg,1200x1600,4
phenomsg,1200x1690,3
phenomsg,1200x1800,1
phenomsg,1200x400,3
phenomsg,1200x410,1
phenomsg,1200x431,1
phenomsg,1200x441,1
phenomsg,1200x500,3
phenomsg,1200x545,3
phenomsg,1200x600,2
phenomsg,1200x618,1
phenomsg,1200x627,2
phenomsg,1200x628,22
phenomsg,1200x629,1
phenomsg,1200x630,22
phenomsg,1200x650,2
phenomsg,1200x667,3
phenomsg,1200x669,1
phenomsg,1200x675,15
phenomsg,1200x676,1
phenomsg,1200x700,5
phenomsg,1200x704,1
phenomsg,1200x732,1
phenomsg,1200x733,1
phenomsg,1200x750,2
phenomsg,1200x766,1
phenomsg,1200x797,1
phenomsg,1200x798,1
phenomsg,1200x800,32
phenomsg,1200x801,3
phenomsg,1200x803,1
phenomsg,1200x806,1
phenomsg,1200x838,1
phenomsg,1200x855,3
phenomsg,1200x879,1
phenomsg,1200x890,1
phenomsg,1200x895,2
phenomsg,1200x900,23
phenomsg,1200x911,2
phenomsg,1200x922,1
phenomsg,1200x947,1
phenomsg,1200x956,1
phenomsg,1224x477,1
phenomsg,1228x1024,1
phenomsg,1230x1390,2
phenomsg,1230x615,1
phenomsg,1230x767,1
phenomsg,1231x924,1
phenomsg,1232x924,1
phenomsg,1235x924,2
phenomsg,1241x1754,1
phenomsg,1246x1410,1
phenomsg,1246x853,1
phenomsg,1248x576,1
phenomsg,1249x439,1
phenomsg,1249x461,2
phenomsg,1250x1250,1
phenomsg,1250x450,2
phenomsg,1250x458,2
phenomsg,1250x500,1
phenomsg,1253x836,1
phenomsg,1256x1169,2
phenomsg,1259x839,1
phenomsg,1261x1500,1
phenomsg,1270x1390,1
phenomsg,1273x710,1
phenomsg,1275x745,1
phenomsg,1276x908,1
phenomsg,1280x1280,2
phenomsg,1280x1920,1
phenomsg,1280x350,1
phenomsg,1280x474,1
phenomsg,1280x500,1
phenomsg,1280x501,1
phenomsg,1280x600,1
phenomsg,1280x670,1
phenomsg,1280x720,61
phenomsg,1280x780,5
phenomsg,1280x851,2
phenomsg,1280x853,5
phenomsg,1280x960,9
phenomsg,1296x1300,1
phenomsg,1296x1500,1
phenomsg,1296x728,9
phenomsg,1300x1000,1
phenomsg,1300x1017,1
phenomsg,1300x1055,1
phenomsg,1300x1060,1
phenomsg,1300x1065,3
phenomsg,1300x1112,1
phenomsg,1300x1129,1
phenomsg,1300x1300,5
phenomsg,1300x1390,7
phenomsg,1300x386,1
phenomsg,1300x669,1
phenomsg,1300x700,1
phenomsg,1300x802,1
phenomsg,1300x809,1
phenomsg,1300x821,3
phenomsg,1300x824,1
phenomsg,1300x863,1
phenomsg,1300x865,1
phenomsg,1300x866,9
phenomsg,1300x868,1
phenomsg,1300x878,1
phenomsg,1300x912,1
phenomsg,1300x920,2
phenomsg,1300x944,1
phenomsg,1300x948,1
phenomsg,1300x950,2
phenomsg,1300x953,8
phenomsg,1300x954,4
phenomsg,1300x955,8
phenomsg,1300x956,37
phenomsg,1300x957,7
phenomsg,1300x958,1
phenomsg,1300x960,3
phenomsg,1300x963,1
phenomsg,1300x980,1
phenomsg,1300x989,1
phenomsg,1302x868,1
phenomsg,1307x1500,1
phenomsg,1316x719,1
phenomsg,1333x1867,2
phenomsg,1338x1713,1
phenomsg,1348x1348,1
phenomsg,1350x1169,1
phenomsg,1350x750,1
phenomsg,1351x760,1
phenomsg,1360x2040,1
phenomsg,1360x500,1
phenomsg,1364x1021,1
phenomsg,1365x1024,1
phenomsg,1365x969,1
phenomsg,1369x1200,1
phenomsg,1378x668,1
phenomsg,1398x1383,1
phenomsg,1400x1046,1
phenomsg,1400x1200,3
phenomsg,1400x1400,6
phenomsg,1400x630,1
phenomsg,1400x684,1
phenomsg,1400x700,1
phenomsg,1400x933,1
phenomsg,1400x934,1
phenomsg,1401x1401,1
phenomsg,1405x783,1
phenomsg,1412x1690,1
phenomsg,1413x1545,1
phenomsg,1426x1500,1
phenomsg,1429x952,1
phenomsg,1430x1078,1
phenomsg,1435x749,1
phenomsg,1440x1080,1
phenomsg,1440x420,1
phenomsg,1440x480,1
phenomsg,1440x792,1
phenomsg,1440x810,4
phenomsg,1440x960,1
phenomsg,1442x1140,1
phenomsg,1450x664,2
phenomsg,1455x1500,1
phenomsg,1460x1374,1
phenomsg,1460x766,1
phenomsg,1465x824,2
phenomsg,1467x1500,1
phenomsg,1469x734,1
phenomsg,1470x980,2
phenomsg,1474x1336,1
phenomsg,1477x1319,2
phenomsg,1487x1500,1
phenomsg,1496x1470,1
phenomsg,1496x624,1
phenomsg,1499x1469,1
phenomsg,1500x1000,10
phenomsg,1500x1001,1
phenomsg,1500x1003,1
phenomsg,1500x1038,2
phenomsg,1500x1039,1
phenomsg,1500x1083,1
phenomsg,1500x1086,1
phenomsg,1500x1087,2
phenomsg,1500x1095,2
phenomsg,1500x1098,1
phenomsg,1500x1099,1
phenomsg,1500x1100,1
phenomsg,1500x1101,42
phenomsg,1500x1102,1
phenomsg,1500x1105,1
phenomsg,1500x1125,1
phenomsg,1500x1130,1
phenomsg,1500x1150,2
phenomsg,1500x1161,1
phenomsg,1500x1162,1
phenomsg,1500x1171,2
phenomsg,1500x1177,2
phenomsg,1500x1180,1
phenomsg,1500x1198,1
phenomsg,1500x1204,1
phenomsg,1500x1222,1
phenomsg,1500x1225,5
phenomsg,1500x1254,1
phenomsg,1500x1278,1
phenomsg,1500x1292,1
phenomsg,1500x1300,1
phenomsg,1500x1366,1
phenomsg,1500x1500,17
phenomsg,1500x1516,1
phenomsg,1500x1521,1
phenomsg,1500x1539,1
phenomsg,1500x1600,15
phenomsg,1500x1620,1
phenomsg,1500x1917,1
phenomsg,1500x2120,1
phenomsg,1500x698,1
phenomsg,1500x700,2
phenomsg,1500x720,1
phenomsg,1500x786,1
phenomsg,1500x826,1
phenomsg,1500x844,2
phenomsg,1500x850,2
phenomsg,1500x887,1
phenomsg,1500x898,1
phenomsg,1500x899,2
phenomsg,1500x900,2
phenomsg,1500x905,1
phenomsg,1500x925,1
phenomsg,1500x996,2
phenomsg,1500x999,1
phenomsg,1502x1801,1
phenomsg,1524x1700,1
phenomsg,1528x800,2
phenomsg,1535x1024,1
phenomsg,1536x1028,1
phenomsg,1536x1536,3
phenomsg,1536x2048,1
phenomsg,1536x864,4
phenomsg,1540x800,3
phenomsg,1545x2000,1
phenomsg,1550x1272,1
phenomsg,1559x2000,1
phenomsg,1560x1002,1
phenomsg,1566x1392,1
phenomsg,1570x1570,1
phenomsg,1576x1206,1
phenomsg,1581x1529,2
phenomsg,1596x1203,1
phenomsg,1596x830,1
phenomsg,1597x1150,1
phenomsg,1597x1600,1
phenomsg,1599x900,1
phenomsg,1600x1024,1
phenomsg,1600x1026,1
phenomsg,1600x1061,1
phenomsg,1600x1065,1
phenomsg,1600x1066,3
phenomsg,1600x1067,3
phenomsg,1600x1075,1
phenomsg,1600x1086,1
phenomsg,1600x1120,1
phenomsg,1600x1140,2
phenomsg,1600x1153,2
phenomsg,1600x1154,1
phenomsg,1600x1155,7
phenomsg,1600x1157,19
phenomsg,1600x1158,3
phenomsg,1600x1168,1
phenomsg,1600x1174,1
phenomsg,1600x1178,1
phenomsg,1600x1200,9
phenomsg,1600x1240,1
phenomsg,1600x1263,1
phenomsg,1600x1290,7
phenomsg,1600x1600,15
phenomsg,1600x1628,1
phenomsg,1600x1635,1
phenomsg,1600x1690,7
phenomsg,1600x660,2
phenomsg,1600x750,1
phenomsg,1600x751,2
phenomsg,1600x821,1
phenomsg,1600x899,1
phenomsg,1600x900,21
phenomsg,1600x901,1
phenomsg,1600x960,2
phenomsg,1600x986,1
phenomsg,1600x990,3
phenomsg,1602x1602,1
phenomsg,1607x577,1
phenomsg,1612x1008,2
phenomsg,1632x1224,2
phenomsg,1640x1095,1
phenomsg,1640x1171,1
phenomsg,1640x924,2
phenomsg,1654x1169,1
phenomsg,1654x924,1
phenomsg,1656x1500,1
phenomsg,1667x2500,1
phenomsg,1680x1260,1
phenomsg,1690x603,1
phenomsg,1695x1100,1
phenomsg,1698x1131,2
phenomsg,1702x1600,2
phenomsg,1708x1824,1
phenomsg,1720x1720,2
phenomsg,1729x1080,1
phenomsg,1730x1289,1
phenomsg,1734x660,1
phenomsg,1755x1241,1
phenomsg,1757x800,1
phenomsg,1767x1173,1
phenomsg,1772x1289,1
phenomsg,1800x1000,1
phenomsg,1800x1200,1
phenomsg,1800x1358,2
phenomsg,1800x1800,3
phenomsg,1800x840,1
phenomsg,1807x1200,1
phenomsg,1813x1295,1
phenomsg,1840x1019,1
phenomsg,1848x782,2
phenomsg,1858x580,1
phenomsg,1865x1381,1
phenomsg,1880x1000,1
phenomsg,1883x1883,1
phenomsg,1902x1920,1
phenomsg,1908x2540,1
phenomsg,1920x1000,1
phenomsg,1920x1080,12
phenomsg,1920x1171,1
phenomsg,1920x1186,2
phenomsg,1920x1208,1
phenomsg,1920x1249,1
phenomsg,1920x1276,3
phenomsg,1920x1280,6
phenomsg,1920x1282,5
phenomsg,1920x1319,2
phenomsg,1920x1351,1
phenomsg,1920x1382,1
phenomsg,1920x1440,1
phenomsg,1920x1487,1
phenomsg,1920x1718,2
phenomsg,1920x1920,3
phenomsg,1920x1960,1
phenomsg,1920x2560,1
phenomsg,1920x437,1
phenomsg,1920x533,2
phenomsg,1920x600,2
phenomsg,1920x6286,2
phenomsg,1920x738,1
phenomsg,1920x864,1
phenomsg,1920x960,1
phenomsg,1921x1081,1
phenomsg,1947x1540,1
phenomsg,1950x1268,1
phenomsg,1955x1650,1
phenomsg,1955x2048,2
phenomsg,1964x1480,1
phenomsg,1980x1080,1
phenomsg,1995x1075,1
phenomsg,1998x1332,1
phenomsg,2000x1000,4
phenomsg,2000x1004,1
phenomsg,2000x1047,1
phenomsg,2000x1235,1
phenomsg,2000x1262,1
phenomsg,2000x1300,1
phenomsg,2000x1332,2
phenomsg,2000x1333,9
phenomsg,2000x1349,1
phenomsg,2000x1353,1
phenomsg,2000x1548,1
phenomsg,2000x1600,1
phenomsg,2000x2000,9
phenomsg,2000x3000,1
phenomsg,2000x700,2
phenomsg,2000x832,2
phenomsg,2000x988,1
phenomsg,2001x2001,1
phenomsg,200x177,1
phenomsg,2011x1342,1
phenomsg,2012x1340,1
phenomsg,2022x1162,2
phenomsg,2044x993,1
phenomsg,2048x1024,1
phenomsg,2048x1232,1
phenomsg,2048x1363,2
phenomsg,2048x1365,4
phenomsg,2048x1366,5
phenomsg,2048x1536,6
phenomsg,2048x2048,2
phenomsg,2048x3072,2
phenomsg,2048x638,1
phenomsg,2097x1346,1
phenomsg,2100x650,2
phenomsg,2113x1309,1
phenomsg,2119x1359,1
phenomsg,2119x1415,1
phenomsg,2121x1414,3
phenomsg,2124x1411,1
phenomsg,2128x1409,1
phenomsg,2128x1419,1
phenomsg,2128x2161,1
phenomsg,2128x723,1
phenomsg,2144x1424,2
phenomsg,2160x1200,1
phenomsg,2181x1365,1
phenomsg,2200x1700,1
phenomsg,2208x1836,1
phenomsg,220x220,1
phenomsg,2222x1622,2
phenomsg,2240x1260,3
phenomsg,2250x1500,1
phenomsg,2269x1452,1
phenomsg,2272x1704,2
phenomsg,2300x1294,1
phenomsg,2304x1094,1
phenomsg,2304x1728,2
phenomsg,2305x3072,1
phenomsg,230x374,2
phenomsg,2312x2992,1
phenomsg,2340x1170,2
phenomsg,2340x4160,1
phenomsg,2340x900,1
phenomsg,2364x2363,1
phenomsg,2364x2364,1
phenomsg,2382x2510,1
phenomsg,2390x2211,1
phenomsg,2393x1049,1
phenomsg,2400x1200,1
phenomsg,2400x1350,4
phenomsg,2400x1600,6
phenomsg,2400x1602,3
phenomsg,2400x1800,2
phenomsg,2400x3200,1
phenomsg,2425x1769,1
phenomsg,2438x2438,1
phenomsg,2448x3264,1
phenomsg,245x245,1
phenomsg,2464x3220,1
phenomsg,2497x1395,1
phenomsg,2500x1313,1
phenomsg,2500x1406,1
phenomsg,2500x1500,1
phenomsg,2500x1613,1
phenomsg,2500x1667,3
phenomsg,2500x1875,2
phenomsg,2500x1957,1
phenomsg,2500x1958,1
phenomsg,2500x3333,1
phenomsg,250x167,1
phenomsg,250x220,1
phenomsg,250x337,1
phenomsg,250x386,1
phenomsg,2553x2216,1
phenomsg,2560x1077,1
phenomsg,2560x1440,2
phenomsg,2560x1544,2
phenomsg,2560x1703,1
phenomsg,2560x1706,1
phenomsg,2560x1707,6
phenomsg,2560x1709,3
phenomsg,2560x1802,1
phenomsg,2560x1920,5
phenomsg,2560x2003,1
phenomsg,2560x2048,2
phenomsg,2560x2118,1
phenomsg,2560x2560,1
phenomsg,2563x2563,1
phenomsg,2592x1952,1
phenomsg,2592x3872,1
phenomsg,2593x1739,1
phenomsg,259x275,1
phenomsg,2646x1488,1
phenomsg,2667x1500,2
phenomsg,269x341,2
phenomsg,2700x2700,1
phenomsg,2716x1810,1
phenomsg,2733x1049,1
phenomsg,2734x3545,1
phenomsg,2758x1684,1
phenomsg,2763x2127,1
phenomsg,2789x2108,2
phenomsg,279x1000,1
phenomsg,281x500,1
phenomsg,2832x3776,1
phenomsg,2880x2000,1
phenomsg,2880x960,1
phenomsg,2940x1960,2
phenomsg,2982x1988,1
phenomsg,2991x1648,1
phenomsg,3000x1170,3
phenomsg,3000x1688,1
phenomsg,3000x1935,1
phenomsg,3000x2000,1
phenomsg,3000x2250,1
phenomsg,3000x3000,3
phenomsg,300x157,1
phenomsg,300x300,6
phenomsg,300x321,1
phenomsg,300x400,2
phenomsg,3024x4032,1
phenomsg,3036x4205,1
phenomsg,305x500,1
phenomsg,3068x2308,1
phenomsg,3072x1728,1
phenomsg,3072x2048,4
phenomsg,3072x2304,1
phenomsg,3072x3072,2
phenomsg,309x309,1
phenomsg,3129x2086,1
phenomsg,313x488,2
phenomsg,3161x1741,1
phenomsg,316x480,1
phenomsg,3177x6008,2
phenomsg,318x450,1
phenomsg,320x217,1
phenomsg,320x260,1
phenomsg,320x320,6
phenomsg,320x640,1
phenomsg,320x800,1
phenomsg,3225x2200,1
phenomsg,324x299,2
phenomsg,3256x2166,1
phenomsg,325x217,1
phenomsg,3264x1581,1
phenomsg,3264x2448,2
phenomsg,3266x2000,2
phenomsg,3305x3306,1
phenomsg,330x330,2
phenomsg,330x350,2
phenomsg,331x226,2
phenomsg,3341x1000,1
phenomsg,335x254,1
phenomsg,335x500,1
phenomsg,338x200,1
phenomsg,338x600,1
phenomsg,340x200,1
phenomsg,349x480,1
phenomsg,3500x2306,2
phenomsg,3500x2325,1
phenomsg,3517x4096,1
phenomsg,352x480,1
phenomsg,355x215,1
phenomsg,355x220,1
phenomsg,355x246,1
phenomsg,3562x906,1
phenomsg,357x254,1
phenomsg,3600x2410,1
phenomsg,3600x3000,1
phenomsg,3600x4800,1
phenomsg,360x360,1
phenomsg,363x640,1
phenomsg,3648x2736,1
phenomsg,366x200,1
phenomsg,3684x2634,1
phenomsg,368x270,1
phenomsg,370x636,1
phenomsg,3721x2222,1
phenomsg,3745x2252,1
phenomsg,3745x2667,2
phenomsg,3750x2083,1
phenomsg,375x240,1
phenomsg,375x375,1
phenomsg,376x324,2
phenomsg,3776x2520,1
phenomsg,378x377,1
phenomsg,380x380,1
phenomsg,383x269,1
phenomsg,3840x2160,3
phenomsg,3840x2560,2
phenomsg,384x519,2
phenomsg,384x640,1
phenomsg,3870x2575,1
phenomsg,3872x2592,1
phenomsg,3875x2583,1
phenomsg,3888x2592,1
phenomsg,388x190,1
phenomsg,390x280,1
phenomsg,391x260,1
phenomsg,4000x3000,2
phenomsg,400x200,1
phenomsg,400x205,1
phenomsg,400x266,2
phenomsg,400x296,2
phenomsg,400x300,3
phenomsg,400x400,5
phenomsg,400x509,1
phenomsg,400x516,1
phenomsg,400x600,1
phenomsg,4032x2268,2
phenomsg,4032x3024,1
phenomsg,403x500,1
phenomsg,404x184,1
phenomsg,404x329,1
phenomsg,407x308,1
phenomsg,4160x2352,1
phenomsg,417x626,1
phenomsg,418x626,2
phenomsg,420x519,1
phenomsg,420x652,1
phenomsg,422x281,2
phenomsg,423x600,1
phenomsg,423x700,2
phenomsg,425x425,1
phenomsg,4288x2848,2
phenomsg,428x270,1
phenomsg,430x325,1
phenomsg,433x277,1
phenomsg,433x640,1
phenomsg,435x250,2
phenomsg,435x443,1
phenomsg,439x447,1
phenomsg,4400x3018,1
phenomsg,4445x1590,1
phenomsg,445x1000,1
phenomsg,447x200,1
phenomsg,4500x3000,1
phenomsg,450x298,1
phenomsg,450x300,3
phenomsg,450x318,1
phenomsg,450x319,1
phenomsg,450x320,1
phenomsg,450x338,1
phenomsg,450x341,1
phenomsg,450x351,1
phenomsg,450x424,1
phenomsg,450x468,1
phenomsg,450x470,1
phenomsg,450x575,1
phenomsg,453x500,1
phenomsg,4543x2305,1
phenomsg,457x432,2
phenomsg,458x330,1
phenomsg,458x422,1
phenomsg,460x295,2
phenomsg,462x280,1
phenomsg,466x250,1
phenomsg,466x480,2
phenomsg,467x319,1
phenomsg,469x1020,1
phenomsg,470x394,1
phenomsg,4777x3185,1
phenomsg,477x294,1
phenomsg,478x308,1
phenomsg,478x320,1
phenomsg,4795x3720,1
phenomsg,479x312,1
phenomsg,479x458,1
phenomsg,4800x2696,1
phenomsg,4800x3600,1
phenomsg,480x305,2
phenomsg,480x307,1
phenomsg,480x360,2
phenomsg,480x478,1
phenomsg,480x480,3
phenomsg,480x640,1
phenomsg,480x742,1
phenomsg,4815x3613,1
phenomsg,481x481,1
phenomsg,489x471,1
phenomsg,492x659,1
phenomsg,4932x3288,1
phenomsg,494x626,1
phenomsg,495x640,2
phenomsg,496x200,1
phenomsg,496x500,1
phenomsg,497x493,2
phenomsg,5000x3316,1
phenomsg,5000x3337,1
phenomsg,5000x5001,1
phenomsg,500x128,1
phenomsg,500x200,1
phenomsg,500x281,1
phenomsg,500x296,1
phenomsg,500x300,1
phenomsg,500x312,1
phenomsg,500x318,1
phenomsg,500x319,2
phenomsg,500x330,1
phenomsg,500x331,1
phenomsg,500x332,1
phenomsg,500x333,5
phenomsg,500x334,4
phenomsg,500x337,1
phenomsg,500x338,1
phenomsg,500x343,1
phenomsg,500x350,2
phenomsg,500x375,4
phenomsg,500x384,1
phenomsg,500x400,1
phenomsg,500x408,1
phenomsg,500x409,1
phenomsg,500x450,1
phenomsg,500x489,1
phenomsg,500x499,1
phenomsg,500x500,29
phenomsg,500x650,1
phenomsg,504x374,1
phenomsg,505x300,1
phenomsg,506x254,1
phenomsg,510x383,1
phenomsg,510x394,1
phenomsg,5114x3385,1
phenomsg,512x341,1
phenomsg,512x425,1
phenomsg,514x226,1
phenomsg,515x700,1
phenomsg,5194x3463,1
phenomsg,519x423,1
phenomsg,520x293,1
phenomsg,520x390,1
phenomsg,520x425,1
phenomsg,521x1000,1
phenomsg,521x982,2
phenomsg,5230x1936,1
phenomsg,523x391,4
phenomsg,523x427,1
phenomsg,524x390,1
phenomsg,525x688,1
phenomsg,526x526,1
phenomsg,526x528,2
phenomsg,528x665,1
phenomsg,530x504,1
phenomsg,530x530,2
phenomsg,5312x3984,1
phenomsg,533x533,1
phenomsg,533x632,1
phenomsg,536x360,1
phenomsg,5400x3600,1
phenomsg,540x360,4
phenomsg,540x450,1
phenomsg,540x540,2
phenomsg,545x363,1
phenomsg,546x1024,1
phenomsg,5472x3648,1
phenomsg,5477x3651,1
phenomsg,547x342,1
phenomsg,548x519,1
phenomsg,548x693,2
phenomsg,549x550,1
phenomsg,5500x3777,1
phenomsg,550x1204,1
phenomsg,550x187,1
phenomsg,550x318,2
phenomsg,550x323,1
phenomsg,550x387,1
phenomsg,550x432,1
phenomsg,550x526,1
phenomsg,550x550,3
phenomsg,551x1000,1
phenomsg,5546x4160,1
phenomsg,5568x3712,2
phenomsg,558x501,1
phenomsg,559x1023,1
phenomsg,559x1024,1
phenomsg,5600x3733,1
phenomsg,560x315,1
phenomsg,560x400,4
phenomsg,560x420,4
phenomsg,560x428,1
phenomsg,562x394,1
phenomsg,562x800,1
phenomsg,562x943,1
phenomsg,564x846,1
phenomsg,566x792,1
phenomsg,568x400,1
phenomsg,570x342,1
phenomsg,570x427,1
phenomsg,570x428,1
phenomsg,570x504,1
phenomsg,570x580,1
phenomsg,570x750,1
phenomsg,570x760,2
phenomsg,571x288,1
phenomsg,571x964,1
phenomsg,575x800,1
phenomsg,5760x3840,1
phenomsg,576x1024,2
phenomsg,580x369,2
phenomsg,581x626,1
phenomsg,582x300,1
phenomsg,584x417,1
phenomsg,589x352,1
phenomsg,590x422,1
phenomsg,591x385,1
phenomsg,5925x2325,1
phenomsg,593x675,1
phenomsg,595x446,1
phenomsg,595x595,1
phenomsg,596x596,1
phenomsg,599x351,1
phenomsg,6000x4000,2
phenomsg,600x1093,1
phenomsg,600x1200,1
phenomsg,600x200,1
phenomsg,600x2207,1
phenomsg,600x300,1
phenomsg,600x318,1
phenomsg,600x350,2
phenomsg,600x378,1
phenomsg,600x387,2
phenomsg,600x396,1
phenomsg,600x397,2
phenomsg,600x398,3
phenomsg,600x399,1
phenomsg,600x400,17
phenomsg,600x401,2
phenomsg,600x412,1
phenomsg,600x419,3
phenomsg,600x420,3
phenomsg,600x423,2
phenomsg,600x426,2
phenomsg,600x450,4
phenomsg,600x467,1
phenomsg,600x470,1
phenomsg,600x476,1
phenomsg,600x500,1
phenomsg,600x511,1
phenomsg,600x546,1
phenomsg,600x580,1
phenomsg,600x600,18
phenomsg,600x610,1
phenomsg,600x762,1
phenomsg,600x791,1
phenomsg,600x819,1
phenomsg,600x900,6
phenomsg,600x902,1
phenomsg,6016x4000,2
phenomsg,601x400,1
phenomsg,601x889,1
phenomsg,601x900,1
phenomsg,604x453,2
phenomsg,607x636,1
phenomsg,609x843,1
phenomsg,610x407,1
phenomsg,610x491,1
phenomsg,610x656,1
phenomsg,613x345,1
phenomsg,613x762,1
phenomsg,614x871,1
phenomsg,618x480,1
phenomsg,618x800,1
phenomsg,620x240,2
phenomsg,620x350,1
phenomsg,620x413,1
phenomsg,620x464,1
phenomsg,620x800,1
phenomsg,620x946,2
phenomsg,621x390,1
phenomsg,621x414,2
phenomsg,622x900,2
phenomsg,625x1024,1
phenomsg,625x449,2
phenomsg,625x600,1
phenomsg,626x354,1
phenomsg,626x386,1
phenomsg,626x389,1
phenomsg,626x393,1
phenomsg,626x397,1
phenomsg,626x398,1
phenomsg,626x415,1
phenomsg,626x416,1
phenomsg,626x417,16
phenomsg,626x418,4
phenomsg,626x444,1
phenomsg,626x462,1
phenomsg,626x470,2
phenomsg,626x503,1
phenomsg,626x505,1
phenomsg,626x521,1
phenomsg,626x626,9
phenomsg,628x338,1
phenomsg,628x628,1
phenomsg,629x445,2
phenomsg,630x380,1
phenomsg,630x419,1
phenomsg,630x420,1
phenomsg,630x422,1
phenomsg,6356x4237,1
phenomsg,635x425,1
phenomsg,636x954,1
phenomsg,637x650,1
phenomsg,638x481,1
phenomsg,639x431,1
phenomsg,640x320,1
phenomsg,640x360,3
phenomsg,640x364,1
phenomsg,640x370,1
phenomsg,640x382,2
phenomsg,640x400,1
phenomsg,640x406,1
phenomsg,640x409,1
phenomsg,640x422,1
phenomsg,640x425,1
phenomsg,640x426,4
phenomsg,640x427,5
phenomsg,640x456,1
phenomsg,640x480,13
phenomsg,640x515,1
phenomsg,640x587,1
phenomsg,640x640,6
phenomsg,640x956,1
phenomsg,641x1000,1
phenomsg,643x345,1
phenomsg,644x315,1
phenomsg,645x1000,1
phenomsg,645x380,1
phenomsg,647x1000,1
phenomsg,649x322,1
phenomsg,649x360,1
phenomsg,649x403,1
phenomsg,6500x4500,1
phenomsg,650x395,1
phenomsg,650x400,2
phenomsg,650x432,1
phenomsg,650x450,2
phenomsg,650x453,1
phenomsg,650x466,1
phenomsg,650x471,1
phenomsg,650x661,1
phenomsg,654x1000,1
phenomsg,658x734,1
phenomsg,660x330,3
phenomsg,660x333,1
phenomsg,660x357,1
phenomsg,660x389,1
phenomsg,660x396,1
phenomsg,660x420,1
phenomsg,660x440,3
phenomsg,660x450,4
phenomsg,660x483,1
phenomsg,665x421,1
phenomsg,665x443,1
phenomsg,665x498,1
phenomsg,666x374,1
phenomsg,667x1000,3
phenomsg,667x500,1
phenomsg,667x513,1
phenomsg,668x425,2
phenomsg,6690x5173,1
phenomsg,670x325,1
phenomsg,670x352,2
phenomsg,670x627,1
phenomsg,675x450,1
phenomsg,676x744,1
phenomsg,678x382,1
phenomsg,680x380,1
phenomsg,680x383,1
phenomsg,682x563,1
phenomsg,683x1000,1
phenomsg,683x1024,2
phenomsg,683x850,1
phenomsg,685x266,1
phenomsg,685x295,1
phenomsg,685x400,1
phenomsg,685x406,1
phenomsg,685x420,1
phenomsg,685x436,1
phenomsg,685x641,1
phenomsg,688x329,1
phenomsg,688x688,1
phenomsg,690x344,1
phenomsg,690x350,1
phenomsg,690x700,1
phenomsg,695x395,2
phenomsg,696x649,2
phenomsg,696x905,1
phenomsg,698x524,1
phenomsg,698x564,1
phenomsg,700x1000,1
phenomsg,700x1080,2
phenomsg,700x247,1
phenomsg,700x250,1
phenomsg,700x350,1
phenomsg,700x366,1
phenomsg,700x392,1
phenomsg,700x394,2
phenomsg,700x400,2
phenomsg,700x460,1
phenomsg,700x467,6
phenomsg,700x495,1
phenomsg,700x525,1
phenomsg,700x658,1
phenomsg,700x700,3
phenomsg,700x989,2
phenomsg,701x283,1
phenomsg,702x347,1
phenomsg,703x1000,1
phenomsg,703x470,1
phenomsg,703x694,1
phenomsg,706x773,1
phenomsg,707x538,1
phenomsg,710x399,1
phenomsg,711x494,2
phenomsg,714x294,2
phenomsg,716x1000,1
phenomsg,716x1024,1
phenomsg,719x800,1
phenomsg,720x1080,1
phenomsg,720x375,1
phenomsg,720x405,3
phenomsg,720x482,1
phenomsg,720x540,1
phenomsg,720x720,4
phenomsg,720x721,1
phenomsg,720x810,2
phenomsg,722x406,1
phenomsg,722x433,1
phenomsg,722x550,1
phenomsg,722x800,1
phenomsg,724x1026,1
phenomsg,724x483,3
phenomsg,725x1015,1
phenomsg,725x1024,3
phenomsg,725x398,1
phenomsg,725x545,2
phenomsg,727x727,1
phenomsg,728x1044,1
phenomsg,728x484,1
phenomsg,728x489,7
phenomsg,728x498,1
phenomsg,728x524,3
phenomsg,730x387,2
phenomsg,730x400,1
phenomsg,730x500,1
phenomsg,730x852,2
phenomsg,732x412,2
phenomsg,732x549,2
phenomsg,735x1000,1
phenomsg,735x414,3
phenomsg,735x492,1
phenomsg,735x513,1
phenomsg,735x616,1
phenomsg,735x653,2
phenomsg,735x707,1
phenomsg,735x729,1
phenomsg,735x801,1
phenomsg,736x1040,2
phenomsg,736x1104,1
phenomsg,736x200,1
phenomsg,736x389,1
phenomsg,736x414,2
phenomsg,736x606,1
phenomsg,736x736,2
phenomsg,736x776,1
phenomsg,740x400,2
phenomsg,740x414,1
phenomsg,740x450,1
phenomsg,740x493,2
phenomsg,745x491,1
phenomsg,745x500,1
phenomsg,746x419,1
phenomsg,747x1000,1
phenomsg,748x467,1
phenomsg,749x1123,1
phenomsg,749x529,1
phenomsg,750x250,1
phenomsg,750x324,1
phenomsg,750x350,1
phenomsg,750x375,1
phenomsg,750x384,1
phenomsg,750x400,2
phenomsg,750x421,2
phenomsg,750x424,1
phenomsg,750x432,1
phenomsg,750x450,1
phenomsg,750x468,1
phenomsg,750x485,1
phenomsg,750x487,1
phenomsg,750x500,4
phenomsg,750x562,1
phenomsg,750x563,1
phenomsg,750x606,1
phenomsg,750x750,4
phenomsg,750x751,1
phenomsg,759x422,4
phenomsg,759x500,1
phenomsg,760x378,2
phenomsg,760x507,1
phenomsg,764x1000,1
phenomsg,765x531,1
phenomsg,768x510,1
phenomsg,768x512,1
phenomsg,768x545,1
phenomsg,768x587,1
phenomsg,768x768,2
phenomsg,768x994,3
phenomsg,770x1000,1
phenomsg,770x433,1
phenomsg,770x434,2
phenomsg,770x440,1
phenomsg,770x515,1
phenomsg,770x603,1
phenomsg,770x949,1
phenomsg,771x452,2
phenomsg,771x681,1
phenomsg,772x630,1
phenomsg,773x435,1
phenomsg,773x538,2
phenomsg,775x1000,1
phenomsg,7800x5200,1
phenomsg,780x393,1
phenomsg,780x408,1
phenomsg,780x438,2
phenomsg,780x439,1
phenomsg,780x504,1
phenomsg,780x517,1
phenomsg,780x520,1
phenomsg,780x551,1
phenomsg,780x997,1
phenomsg,785x520,1
phenomsg,787x562,1
phenomsg,788x1000,1
phenomsg,791x1024,3
phenomsg,792x445,2
phenomsg,793x447,2
phenomsg,794x1123,1
phenomsg,794x312,1
phenomsg,799x414,2
phenomsg,799x799,1
phenomsg,800x1000,2
phenomsg,800x1067,3
phenomsg,800x2000,1
phenomsg,800x209,1
phenomsg,800x304,2
phenomsg,800x350,1
phenomsg,800x400,10
phenomsg,800x418,1
phenomsg,800x419,1
phenomsg,800x421,1
phenomsg,800x438,1
phenomsg,800x445,1
phenomsg,800x448,2
phenomsg,800x450,10
phenomsg,800x462,1
phenomsg,800x466,1
phenomsg,800x470,1
phenomsg,800x490,1
phenomsg,800x494,2
phenomsg,800x500,3
phenomsg,800x511,3
phenomsg,800x525,1
phenomsg,800x529,1
phenomsg,800x530,1
phenomsg,800x532,5
phenomsg,800x533,20
phenomsg,800x534,30
phenomsg,800x535,1
phenomsg,800x537,2
phenomsg,800x544,1
phenomsg,800x553,1
phenomsg,800x599,1
phenomsg,800x600,12
phenomsg,800x601,1
phenomsg,800x632,1
phenomsg,800x660,1
phenomsg,800x672,1
phenomsg,800x676,2
phenomsg,800x715,1
phenomsg,800x800,19
phenomsg,800x811,1
phenomsg,800x812,1
phenomsg,801x694,1
phenomsg,810x540,1
phenomsg,810x810,1
phenomsg,812x1010,1
phenomsg,812x1462,1
phenomsg,818x1211,1
phenomsg,818x430,1
phenomsg,818x600,1
phenomsg,819x1000,1
phenomsg,820x1000,1
phenomsg,820x450,1
phenomsg,820x460,2
phenomsg,820x547,1
phenomsg,820x586,1
phenomsg,820x867,1
phenomsg,822x1000,1
phenomsg,822x462,1
phenomsg,822x500,1
phenomsg,823x1000,1
phenomsg,824x325,1
phenomsg,825x432,1
phenomsg,825x510,2
phenomsg,828x823,1
phenomsg,829x565,1
phenomsg,830x1166,1
phenomsg,830x400,1
phenomsg,833x1000,1
phenomsg,837x1000,1
phenomsg,837x444,1
phenomsg,840x2452,1
phenomsg,840x473,1
phenomsg,840x600,1
phenomsg,842x1500,1
phenomsg,842x561,1
phenomsg,843x1280,1
phenomsg,845x440,1
phenomsg,847x567,1
phenomsg,848x1000,1
phenomsg,848x551,1
phenomsg,848x565,2
phenomsg,849x1000,1
phenomsg,849x565,1
phenomsg,850x1047,1
phenomsg,850x1100,1
phenomsg,850x1280,1
phenomsg,850x1292,1
phenomsg,850x155,1
phenomsg,850x380,1
phenomsg,850x460,1
phenomsg,850x478,1
phenomsg,850x479,1
phenomsg,850x508,2
phenomsg,850x566,1
phenomsg,850x567,2
phenomsg,850x592,1
phenomsg,850x598,1
phenomsg,850x601,1
phenomsg,850x614,1
phenomsg,850x638,1
phenomsg,850x664,1
phenomsg,850x668,1
phenomsg,850x704,1
phenomsg,850x826,2
phenomsg,850x836,1
phenomsg,850x839,1
phenomsg,850x842,1
phenomsg,850x844,1
phenomsg,850x850,1
phenomsg,850x977,2
phenomsg,850x995,2
phenomsg,852x479,1
phenomsg,852x480,2
phenomsg,852x852,1
phenomsg,853x1499,1
phenomsg,853x480,2
phenomsg,854x1280,1
phenomsg,860x460,1
phenomsg,861x1300,1
phenomsg,863x1390,2
phenomsg,864x1390,2
phenomsg,865x865,1
phenomsg,866x1300,1
phenomsg,866x1390,13
phenomsg,866x577,1
phenomsg,867x1390,2
phenomsg,870x1390,3
phenomsg,870x470,4
phenomsg,870x653,1
phenomsg,870x706,1
phenomsg,875x1556,1
phenomsg,875x460,1
phenomsg,875x525,1
phenomsg,875x583,1
phenomsg,880x560,1
phenomsg,881x588,1
phenomsg,886x1390,1
phenomsg,890x396,1
phenomsg,894x797,1
phenomsg,894x859,1
phenomsg,894x889,1
phenomsg,894x892,1
phenomsg,894x894,2
phenomsg,894x901,2
phenomsg,894x980,1
phenomsg,894x995,1
phenomsg,900x1012,1
phenomsg,900x1040,1
phenomsg,900x1200,2
phenomsg,900x1273,1
phenomsg,900x1600,1
phenomsg,900x280,1
phenomsg,900x300,2
phenomsg,900x450,8
phenomsg,900x479,1
phenomsg,900x491,1
phenomsg,900x506,1
phenomsg,900x516,1
phenomsg,900x530,1
phenomsg,900x560,2
phenomsg,900x598,1
phenomsg,900x600,7
phenomsg,900x764,1
phenomsg,900x877,1
phenomsg,900x900,2
phenomsg,900x958,2
phenomsg,901x361,1
phenomsg,910x607,3
phenomsg,910x683,1
phenomsg,914x562,1
phenomsg,917x1122,1
phenomsg,919x1390,1
phenomsg,920x1076,2
phenomsg,920x1185,1
phenomsg,920x698,1
phenomsg,920x720,1
phenomsg,920x756,1
phenomsg,922x690,1
phenomsg,924x700,1
phenomsg,925x521,1
phenomsg,926x424,1
phenomsg,929x1200,1
phenomsg,929x720,1
phenomsg,932x1000,1
phenomsg,933x301,1
phenomsg,936x936,1
phenomsg,940x1024,1
phenomsg,940x529,2
phenomsg,940x545,1
phenomsg,940x572,1
phenomsg,940x625,1
phenomsg,940x788,2
phenomsg,945x1000,1
phenomsg,950x638,1
phenomsg,950x666,1
phenomsg,950x667,1
phenomsg,954x1055,1
phenomsg,954x1600,1
phenomsg,959x1355,2
phenomsg,960x1280,1
phenomsg,960x350,2
phenomsg,960x412,1
phenomsg,960x460,1
phenomsg,960x540,2
phenomsg,960x622,1
phenomsg,960x635,1
phenomsg,960x639,1
phenomsg,960x640,3
phenomsg,960x684,2
phenomsg,960x720,3
phenomsg,974x1390,1
phenomsg,975x1390,1
phenomsg,976x549,7
phenomsg,980x649,1
phenomsg,980x653,3
phenomsg,980x654,3
phenomsg,983x975,1
phenomsg,990x660,1
phenomsg,992x556,1
phenomsg,992x661,1
phenomsg,996x548,1
phenomsg,998x1600,1
phenomsg,999x600,1
ewaste,150x150,3000
